<?xml version="1.0" encoding="UTF-8"?><SystemProperties><SystemName>46-65480_RW6</SystemName><SerialNo>46-65480</SerialNo><UsedMedia><Media path="RobotWare_6.02.1029" name="RobotWare" version="6.02.1029" /></UsedMedia><ControlModule><Option descr="RobotWare Base"></Option><Option descr="613-1 Collision Detection"></Option><Option descr="709-1 DeviceNet Master/Slave"></Option><Option descr="689-1 Externally Guided Motion (EGM)"></Option><Option descr="614-1 FTP and NFS client"></Option><Option descr="623-1 Multitasking"></Option><Option descr="616-1 PC Interface"></Option><Option descr="840-2 PROFIBUS Anybus Device"></Option><Option descr="608-1 World Zones"></Option><Option descr="English"></Option></ControlModule><DriveModule><Name>Robot1</Name><Option descr="Drive System IRB 460/640/660/760/4600/66xx/6700"></Option><Option descr="IRB 4600-40/2.55 Type B"></Option><Option descr="810-2 SafeMove"></Option></DriveModule></SystemProperties>